isbn	book_link	blog_link	book	author	purchasing_date	reading_start_date	reading_finish_date	stars
9789862137192			為了活下去：脫北女孩朴研美	朴研美	2017-09-28	2017-12-03	2017-12-31	5
4711225310442			巨流河	齊邦媛	2015-12-11			
9787542631664			送你一颗子弹	刘瑜	2016-11-02			
9787539957173			阿西莫夫：永恒的终结	Isaac Asimov	2016-11-02			
9787201088945			皮囊	蔡崇达	2016-11-02			
9789868727519			甲骨文 --- 一次占卜當代中國的旅程	何偉	2015-12-11			
9787121216824			颠覆医疗 --- 大数据时代的个人健康革命	Eric Topol	2015-12-14			
9787213063503			冲上云霄 --- 大型喷气机的飞行	Stanley Stewart, John Edwards	2015-09-01			
9789863870371			大江大海一九四九	龍應台	2015-12-11			
9789869125420			爲什麼去遠方	張苡絃	2015-12-12			
9787535447340			文化苦旅	余秋雨	2016-05-05			
9787510835865			女神一号	冯唐	2016-11-05			
9787508653594			重新定义公司 --- 谷歌是如何运营的	Eric Schmidt, Jonathan Rosenberg, Alan Eagle	2015-09-01			
9787210079026			谢谢自己够勇敢	张皓宸, 杨扬	2016-07-28			
9789868456938			惡搞研習營	Chuck Palahniuk	2016-01-04			
9787550278257			在宇宙间不易被风吹散	冯唐	2016-11-02	2018-02-03	2018-02-03	4
9787513303699			如何成为一个怪物	冯唐	2016-01-06			
9787208061644			追风筝的人	Khaled Hosseini	2016-11-02			
9787302399506			手机摄影大全 --- 轻松拍出大片味儿	柏松, 罗磊	2016-11-02			
9787222137370			容忍与自由	胡适	2016-11-05			
9787511361462			月亮与六便士	William Somerset Maugham	2016-11-02			
9787508664347			读书与旅行	詹宏志	2016-11-02			
9787535673800			舍得舍不得 --- 带着《金刚经》旅行	蒋勋	2016-11-05			
9787550273771			愿所有美好如期而至		2016-06-06			
9787508657677			民主的不满	Michael J. Sandel	2016-11-02			
9787510446191			遇见孩子遇见更好的自己	Sissy Goff, David Thomas, Melissa Trevathan	2016-06-06			
9787214149879			边城	沈从文	2016-05-05			
9787100040945			如何阅读一本书	Mortimer J. Adler, Charles van Doran	2016-11-02			
9787550248083			那些古怪有让人忧心的问题	Randall Munroe	2016-11-05			
9787550263024			柴犬绅士	David Fung, Yena Kim	2015-12-14			
9787510842252			优秀的绵羊	William Deresiewicz	2017-06-01			
9787213048425			荒野生存	Jon Krakauer	2017-07-31			
9787111447405			中国航空故事	刘德生	2017-11-15	2017-11-16	2017-11-16	3
9787535678096			造房子	王澍	2017-06-01			
9787121286681			全世界最简单的西餐	J.-F. Mallet	2016-06-17			4
9787508636238			公正 --- 该如何做是好？	Michael J. Sandel	2016-01-19			
9787121272295			失控	Kevin Kelly	2016-03-10			
9789882194199			不二	馮唐	2017-08-28			
9789576393327			臺北人	白先勇	2016-05-09			
9789869014946			希修肆之船	J. J. Abrams	2016-05-05			
9787121202247			摄影的骨头	赵嘉	2016-06-02			
9787121241895			一本摄影书II	赵嘉	2016-06-02			
9787121186684			光的美学	赵嘉, 于然	2016-06-02			
9787121138652			兵书十二卷	赵嘉	2016-06-02			
9787802363588			美国纽约摄影学院摄影教材(上册)	Donald Alexander Sheff	2016-11-05			
9787802363595			美国纽约摄影学院摄影教材(下册)	Donald Alexander Sheff	2016-11-05			
9787508641270			那时西藏	徐家树	2016-11-05			
9789863426677			大演算	Pedro Domingos	2016-09-12			
9787508663616			追时间的人	阳志平	2016-11-02			
9787508660455			硅谷钢铁侠 --- 埃隆·马斯克的冒险人生	Ashlee Vance	2016-06-06			
9781626362376			Instrument Flying Handbook					
9781629142258			Pilot's Handbook of Aeronautical Knowledge					
9787201083988			活着活着就老了	冯唐	2015-12-14			
9787201085166			三十六大	冯唐	2015-12-14			
9787201083223			欢喜	冯唐	2015-12-14			
9787201083193			北京，北京	冯唐	2015-12-14			
9787201083216			十八岁给我一个姑娘	冯唐	2015-12-14			
9787201083209			万物生长	冯唐	2015-12-14			
9787201082349			诗百首	冯唐	2015-12-14			
9787538743241			不念过往念远方	徐昊原	2015-12-14			
9789571367286			當呼吸化爲空氣	Paul Kalanithi	2016-09-12			
9787508635040			我们为什么旅行	小鹏	2016-01-06			
9787508654850			只要不忘了回家的路	小鹏	2016-01-06			
9787549550173			目送	龙应台	2016-01-06			
9787549564125			亲爱的安德烈	龙应台	2016-01-06			
9787563932252			我的精神家园	王小波	2016-06-02			
9787563932214			一只特立独行的猪	王小波	2016-06-02			
9787563932221			沉默的大多数	王小波	2016-06-02			
9787563932207			青铜时代 (下)	王小波	2016-06-02			
9787563932207			青铜时代 (上)	王小波	2016-06-02			
9787563932245			白银时代	王小波	2016-06-02			
9787563932238			黄金时代	王小波	2016-06-02			
9787550213524			一个人的朝圣	Rachel Joyce				
9787539971810			岛上书店	Gabrielle Zevin				
9789865842666			這才是真實的中國史	宮脇淳子	2015-12-11			
9787539975276			你不懂咖啡	石胁智广	2015-12-14			
9787811204858			西藏 --- 改变一生的旅行	尼玛达娃	2016-06-06			
9787503248955			走遍中国 --- 西藏		2016-06-06			
9787208130500			斯通纳	John Williams	2017-06-01			
9787020118076			北鸢	葛亮	2017-06-01			
9787020118083			朱雀	葛亮	2017-06-12			
9787540465018			恰到好处的幸福	毕淑敏	2017-06-01			
9787540465025			温柔就是能够对抗世间所有的坚硬	毕淑敏	2017-06-01			
9787540465001			人生终要有一场触及灵魂的旅行	毕淑敏	2017-06-01			
9787531732952			怀斯曼生存手册	John Wiseman				
9787508647357			人类简史 --- 从动物到上帝	Yuval Noah Harari	2016-06-02			
9787535488473			自在独行	贾平凹	2016-11-07			
9787549550166			野火	龙应台	2016-06-02			
9789863870920			傾聽	龍應台	2016-09-12			
9787514606539			美国第一狙击手	Chris Kyle, Scott McEwen, Jim Defelice	2015-09-21			
9787503174636			Lonely Planet --- 青海		2016-06-06			
9787503194160			Lonely Planet --- 西藏		2017-06-01			
9787550270206			认识电影		2016-12-30			
9787121154904			一本摄影书	赵嘉	2016-06-02			
9787550263802			梵高手稿	H.Anna Suh	2017-06-01			
9789869316743			一把青創作劇本 (上)		2017-06-08			
9789869316743			一把青創作劇本 (下)		2017-06-08			
9787508630250			罗马人的故事 I - XV	盐野七生				
9789570524888			新人生觀	羅家倫	2016-01-04		2017-10-31	5
9787213067792			最好的告别 --- 关于衰老与死亡，你必须知道的尝试	Atul Gawande	2016-11-05	2017-11-01		
9780385486804			Into the Wild	Jon Krakauer	2017-07-30			